[{"line":1,"elements":[{"start_timestamp":"2026-01-26T12:58:51.275Z","line":2,"name":"Failure while executing Cucumber","description":"","id":"failure;failure-while-executing-cucumber","type":"scenario","keyword":"Scenario","steps":[{"result":{"duration":0,"status":"passed"},"line":3,"name":"Cucumber failed while executing","match":{"arguments":[],"location":"io.cucumber.core.Failure.failure_while_executing_cucumber()"},"keyword":"When "},{"result":{"duration":0,"error_message":"org.openqa.selenium.SessionNotCreatedException: Could not start a new session. Response code 500. Message: Could not find a connected Android device in 20000ms \nHost info: host: 'ITAI-923', ip: '10.42.2.122'\nBuild info: version: '4.18.1', revision: 'b1d3319b48'\nSystem info: os.name: 'Windows 11', os.arch: 'amd64', os.version: '10.0', java.version: '25.0.1'\nDriver info: io.appium.java_client.android.AndroidDriver\nCommand: [null, newSession {capabilities=[{appium:app=src/test/resources/app/media-9.27.1-654-SNAPSHOT-2ef01ef0e-app-release.apk, appium:appActivity=.ui.MainActivity, appium:appPackage=com.bmwgroup.apinext.mediaapp, appium:appWaitDuration=30000, appium:autoAcceptAlerts=true, appium:autoGrantPermissions=true, appium:automationName=uiAutomator2, appium:deviceName=idcevo, appium:disableNotifications=true, appium:locationServicesAuthorized=true, appium:newCommandTimeout=240, appium:noReset=false, platformName=ANDROID, appium:platformVersion=15, appium:resetKeyboard=true, appium:sessionCreationRetry=2, appium:sessionCreationTimeout=600000, appium:unicodeKeyboard=true}], desiredCapabilities=Capabilities {app: src/test/resources/app/medi..., appActivity: .ui.MainActivity, appPackage: com.bmwgroup.apinext.mediaapp, appWaitDuration: 30000, autoAcceptAlerts: true, autoGrantPermissions: true, automationName: uiAutomator2, deviceName: idcevo, disableNotifications: true, locationServicesAuthorized: true, newCommandTimeout: 240, noReset: false, platformName: ANDROID, platformVersion: 15, resetKeyboard: true, sessionCreationRetry: 2, sessionCreationTimeout: 600000, unicodeKeyboard: true}}]\nCapabilities {app: src/test/resources/app/medi..., appActivity: .ui.MainActivity, appPackage: com.bmwgroup.apinext.mediaapp, appWaitDuration: 30000, autoAcceptAlerts: true, autoGrantPermissions: true, automationName: uiAutomator2, deviceName: idcevo, disableNotifications: true, locationServicesAuthorized: true, newCommandTimeout: 240, noReset: false, platformName: ANDROID, platformVersion: 15, resetKeyboard: true, sessionCreationRetry: 2, sessionCreationTimeout: 600000, unicodeKeyboard: true}\r\n\tat org.openqa.selenium.remote.ProtocolHandshake.createSession(ProtocolHandshake.java:139)\r\n\tat java.base/jdk.internal.reflect.DirectMethodHandleAccessor.invoke(DirectMethodHandleAccessor.java:104)\r\n\tat java.base/java.lang.reflect.Method.invoke(Method.java:565)\r\n\tat io.appium.java_client.remote.AppiumProtocolHandshake.createSession(AppiumProtocolHandshake.java:133)\r\n\tat io.appium.java_client.remote.AppiumProtocolHandshake.createSession(AppiumProtocolHandshake.java:102)\r\n\tat io.appium.java_client.remote.AppiumCommandExecutor.createSession(AppiumCommandExecutor.java:176)\r\n\tat io.appium.java_client.remote.AppiumCommandExecutor.execute(AppiumCommandExecutor.java:237)\r\n\tat org.openqa.selenium.remote.RemoteWebDriver.execute(RemoteWebDriver.java:519)\r\n\tat io.appium.java_client.AppiumDriver.startSession(AppiumDriver.java:268)\r\n\tat org.openqa.selenium.remote.RemoteWebDriver.<init>(RemoteWebDriver.java:162)\r\n\tat io.appium.java_client.AppiumDriver.<init>(AppiumDriver.java:90)\r\n\tat io.appium.java_client.AppiumDriver.<init>(AppiumDriver.java:102)\r\n\tat io.appium.java_client.android.AndroidDriver.<init>(AndroidDriver.java:109)\r\n\tat engine.Engine.initializeDriver(Engine.java:106)\r\n\tat hooks.Hooks.beforeAll(Hooks.java:32)\r\n","status":"failed"},"line":4,"name":"Cucumber will report this error:","match":{"arguments":[],"location":"io.cucumber.core.Failure.cucumber_reports_this_error()"},"keyword":"Then "}]}],"name":"Test run failed","description":"There were errors during the execution","id":"failure","keyword":"Feature","uri":"classpath:io/cucumber/core/failure.feature","tags":[]}]